tweet_text,tweet_time,tweet_place
The media will lead you to believe the world is full of nothing but hatred &amp; racism.  I am in an‚Ä¶ https://t.co/96X2stBjQS,Tue Jan 01 23:57:53 +0000 2019,"Shreveport, LA"
Liberals have it in for America as we know it! https://t.co/ustBYBPyes,Tue Jan 01 23:57:02 +0000 2019,"Shreveport, LA"
What every fur baby parent wants to see... https://t.co/YdhVpfid0Z,Tue Jan 01 23:56:20 +0000 2019,"Shreveport, LA"
Happy New Years slime üíú https://t.co/0o5wxgbj9y,Tue Jan 01 23:55:42 +0000 2019,"Shreveport, LA"
"https://t.co/aReSe0UD1H

1977 You Star Wars.... Make sure you finish",Tue Jan 01 23:55:32 +0000 2019,"Shreveport, LA"
2020 for sure will be my year https://t.co/AApcDPTr9b,Tue Jan 01 23:51:34 +0000 2019,"Shreveport, LA"
"First Day Of The New Year With The #family At The First Restaurant Of The New Year! 
#newyear 2k19‚ÄºÔ∏èüòçüòäüòã
carolinepco‚Ä¶ https://t.co/2qq4VAxNEX",Tue Jan 01 23:50:47 +0000 2019,"Shreveport, LA"
@MyreshaE You just had to be different lol,Tue Jan 01 23:47:31 +0000 2019,"Shreveport, LA"
Call POTUS wife mam she'll get you lined out on POTUS AGENDA and you can be an asset to your constituents! https://t.co/Ytb5XxT3r3,Tue Jan 01 23:46:31 +0000 2019,"Shreveport, LA"
I want some shrimp scampi,Tue Jan 01 23:46:06 +0000 2019,"Shreveport, LA"
Madam U S. Rep from NYC. POTUS YOUR HOME BOY. I THINK HE JUST UNLEASHED THE BARAGE OF PROMISED KEPT AND COMING TO O‚Ä¶ https://t.co/YSDBgDkjvB,Tue Jan 01 23:45:12 +0000 2019,"Shreveport, LA"
"I'm poorer than a She Hant and a He hant has no Head! 
God put me in the middle of BILLIONS I'm Good. And I stay hu‚Ä¶ https://t.co/Af6Erb4tUs",Tue Jan 01 23:40:01 +0000 2019,"Shreveport, LA"
You older now but you still a baby,Tue Jan 01 23:37:38 +0000 2019,"Shreveport, LA"
Miss Alexandra. It seems you guys been cut off at the Pass ($) .givs shut down y'all writing bad checks until furth‚Ä¶ https://t.co/PQaapELU6q,Tue Jan 01 23:37:30 +0000 2019,"Shreveport, LA"
https://t.co/P4AdJxX4KD,Tue Jan 01 23:36:26 +0000 2019,"Shreveport, LA"
@JayDeAnDre starting the year off bad!!,Tue Jan 01 23:36:10 +0000 2019,"Shreveport, LA"
Congratulations Sarah baby‚ù§Ô∏è https://t.co/kgEEh0KqWc,Tue Jan 01 23:35:58 +0000 2019,"Shreveport, LA"
It should‚Äôve ended when 2018 did... https://t.co/Ic3opZiNbt,Tue Jan 01 23:35:38 +0000 2019,"Shreveport, LA"
PERIODT ! Do what I say or get you a new bitch ! https://t.co/oejgeC8gWY,Tue Jan 01 23:35:35 +0000 2019,"Shreveport, LA"
@JayDeAnDre https://t.co/jKpwMVF0cR,Tue Jan 01 23:34:00 +0000 2019,"Shreveport, LA"
NYC U.S. REP TAXS IS ILLEG ALLY AQUIRED VUA A FALSE CONSTITUTION POTUS FIXING TO LIMIT FOOD STAMPS TO 90 DAY'S. ITS‚Ä¶ https://t.co/2KFxiUQGhV,Tue Jan 01 23:33:53 +0000 2019,"Shreveport, LA"
"I thought Black People Were Bad

Satan ...You have Black People beat by a Landslide",Tue Jan 01 23:33:24 +0000 2019,"Shreveport, LA"
@imanmuejaza https://t.co/ZtfPHfheb0,Tue Jan 01 23:33:23 +0000 2019,"Shreveport, LA"
I'm not all that Bright I'm just a Rock head that's fed himself 54 years without punching a clock connected to most‚Ä¶ https://t.co/BwfC2Cccap,Tue Jan 01 23:29:20 +0000 2019,"Shreveport, LA"
"Thank God , Satan is so concerned with His Story, that he leaves great Clues 

I will find you Iblis.... You can't Hide Forever üòÇ",Tue Jan 01 23:28:57 +0000 2019,"Shreveport, LA"
Mam here's what POTUS and the rest ofusbeen waiting to tell you!  Since you living from paycheck to paycheck the ma‚Ä¶ https://t.co/o4raeK3WR2,Tue Jan 01 23:26:20 +0000 2019,"Shreveport, LA"
@JayDeAnDre I don‚Äôt understand.,Tue Jan 01 23:26:09 +0000 2019,"Shreveport, LA"
"Bird 
Eagle 

Same Old Symbolism

You New England American Patriots should know what that means..
But what's specia‚Ä¶ https://t.co/N453UjSo6K",Tue Jan 01 23:26:04 +0000 2019,"Shreveport, LA"
"current weather in Shreveport: scattered clouds, 52¬∞F
68% humidity, wind 9mph, pressure 1023mb",Tue Jan 01 23:23:45 +0000 2019,"Shreveport, LA"
"clear sky -&gt; scattered clouds
temperature down 54¬∞F -&gt; 52¬∞F
humidity up 64% -&gt; 68%",Tue Jan 01 23:23:35 +0000 2019,"Shreveport, LA"
"The Ressurection of Broadway Knight's Templars lodge 148 is in progress.
All offices have been Vacated and nominati‚Ä¶ https://t.co/X2y3G6PSXt",Tue Jan 01 23:23:05 +0000 2019,"Shreveport, LA"
@JayDeAnDre get me a pair too.,Tue Jan 01 23:21:20 +0000 2019,"Shreveport, LA"
OH THEY ARE ON STANDBY FR üò≠,Tue Jan 01 23:20:49 +0000 2019,"Shreveport, LA"
"What other famous B Ball Player from this Time Period?

Larry Bird

What was his number? 33 
What's the 33 parallel‚Ä¶ https://t.co/KeZRAtNzyI",Tue Jan 01 23:20:45 +0000 2019,"Shreveport, LA"
too many men in the video for this to be happening ü§î https://t.co/p38QYCfDan,Tue Jan 01 23:20:07 +0000 2019,"Shreveport, LA"
Shreveport: 5:21pm: sunset,Tue Jan 01 23:19:45 +0000 2019,"Shreveport, LA"
üòÇüòÇüòÇüòÇ https://t.co/7aC9SEizPk,Tue Jan 01 23:19:35 +0000 2019,"Shreveport, LA"
i have to do everything my damn self,Tue Jan 01 23:18:30 +0000 2019,"Shreveport, LA"
I‚Äôm about to get the bag u guys,Tue Jan 01 23:17:36 +0000 2019,"Shreveport, LA"
@JayDeAnDre check out his page. he been searching too üòÇ  he might have the phrase ‚Äúsugar daddy‚Äù on tweet alerts.,Tue Jan 01 23:17:03 +0000 2019,"Shreveport, LA"
üò≠ https://t.co/Fby3Yy85oJ,Tue Jan 01 23:14:51 +0000 2019,"Shreveport, LA"
It‚Äôs official I‚Äôm getting out tonight ‚ò∫Ô∏è,Tue Jan 01 23:14:50 +0000 2019,"Shreveport, LA"
@jordanmike_ https://t.co/AvcpNXCT42,Tue Jan 01 23:13:18 +0000 2019,"Shreveport, LA"
FIRST ALERT: A FLASH FLOOD WATCH has been issued for portions of NW and E TX. Multiple rounds of heavy rain will im‚Ä¶ https://t.co/MOJkyUVMVO,Tue Jan 01 23:12:56 +0000 2019,"Shreveport, LA"
@ashleighc__ üíÄ man I was just minding my business,Tue Jan 01 23:12:52 +0000 2019,"Shreveport, LA"
@IReallyDontGAD_ üòÇüòÇüòÇüòÇ mane fr!,Tue Jan 01 23:11:07 +0000 2019,"Shreveport, LA"
I leave the house at night https://t.co/tTEUPvFTko,Tue Jan 01 23:10:11 +0000 2019,"Shreveport, LA"
"@DaveFoster17 If they had just let that guy sing the national anthem, their post-season karma would have been much better.",Tue Jan 01 23:08:42 +0000 2019,"Shreveport, LA"
@JayDeAnDre @susankingston7 üòÇüòÇüòÇüòÇüòÇüòÇüòÇüòÇüòÇüòÇüòÇ oh nah I was not expecting this,Tue Jan 01 23:08:31 +0000 2019,"Shreveport, LA"
Preach!! https://t.co/xnOFcaThVj,Tue Jan 01 23:08:05 +0000 2019,"Shreveport, LA"
@stevethephotog @LSUfootball Joe Burrow.,Tue Jan 01 23:07:33 +0000 2019,"Shreveport, LA"
"None Pakistani dare to Be on Mark side, otherwise Patrotic Mafia #Virk &amp; Co will start waar agasint him like how th‚Ä¶ https://t.co/d6Q2pEdwxk",Tue Jan 01 23:06:06 +0000 2019,"Shreveport, LA"
@JohnSentell @RoyLangIII Didn‚Äôt like any games today. I took Texas at +13.5 last week,Tue Jan 01 23:04:53 +0000 2019,"Shreveport, LA"
almost left the club with a sugar daddy last night,Tue Jan 01 23:03:41 +0000 2019,"Shreveport, LA"
"Not one female in sight

Showers going

Dude half naked

Consider this y‚Äôall first L of 2019 https://t.co/Yl6n183wZd",Tue Jan 01 23:03:07 +0000 2019,"Shreveport, LA"
@mkirk__ He didn‚Äôt create those for me though. Me &amp; Him see each otha.,Tue Jan 01 23:01:48 +0000 2019,"Shreveport, LA"
to start the year off I was supposed to drop a pic of me with a man to let y‚Äôall hoes know I‚Äôm taken but that failed.,Tue Jan 01 23:00:31 +0000 2019,"Shreveport, LA"
"@mkirk__ My blessings come from Jesus alone, not crops from the ground üíÄ",Tue Jan 01 22:59:42 +0000 2019,"Shreveport, LA"
lmaoooooooo whatttt?!? https://t.co/cYbP1TPyUW,Tue Jan 01 22:56:18 +0000 2019,"Shreveport, LA"
Only side bitches supporting that Herbo new relationship,Tue Jan 01 22:56:15 +0000 2019,"Shreveport, LA"
My daily Challenges for the Mind body and Soul this month https://t.co/EkcAO0VLzv,Tue Jan 01 22:50:59 +0000 2019,"Shreveport, LA"
"No thank u, next ü§¢ https://t.co/5h2xFFMWw1",Tue Jan 01 22:49:27 +0000 2019,"Shreveport, LA"
"Bc he didnt looted poor people Land, Kisi Chor sy compare kero apny apko, https://t.co/Dav9uNSx2v",Tue Jan 01 22:48:26 +0000 2019,"Shreveport, LA"
"Who the people whoever listen that asshole sound, PTI made lot of Kachra celebrity,  That's crime as wrll https://t.co/rnfkTDGOHT",Tue Jan 01 22:46:59 +0000 2019,"Shreveport, LA"
"Every Good man will Question his own Motives...
I always said that if I defeat Baal, I wouldn't give A damn if you‚Ä¶ https://t.co/7o03yIsqFs",Tue Jan 01 22:42:38 +0000 2019,"Shreveport, LA"
WELCOME 2 2019,Tue Jan 01 22:42:20 +0000 2019,"Shreveport, LA"
"I don't seek any worldly or Material Gain..

I just want Baal to Lose...",Tue Jan 01 22:37:07 +0000 2019,"Shreveport, LA"
"First thing Christians try to say is "" The Quran and the Lost books of the Bible are copied from the Bible""
How?
Ki‚Ä¶ https://t.co/Eb2T649l1I",Tue Jan 01 22:36:00 +0000 2019,"Shreveport, LA"
"@PTNetherton Yes, but openly criticizing LSU‚Äôs coaching decisions on social media while watching the game on TV is‚Ä¶ https://t.co/cnZUOZsk2T",Tue Jan 01 22:35:59 +0000 2019,"Shreveport, LA"
@imskytrash @salamahnder,Tue Jan 01 22:33:46 +0000 2019,"Shreveport, LA"
@StahrMilan https://t.co/f7i6rXYiqv,Tue Jan 01 22:31:41 +0000 2019,"Shreveport, LA"
"Bring on the health, wealth &amp; good luck. #2019 #KickOffTheNewYearWithAnObnoxiousFoodPost #BlackEyedPeas #Cabbage‚Ä¶ https://t.co/UOazXk58DM",Tue Jan 01 22:31:22 +0000 2019,"Shreveport, LA"
Happy New Years Kids,Tue Jan 01 22:31:13 +0000 2019,"Shreveport, LA"
@StahrMilan Please do a vlog soon with you and Stanley ü§ûüèæü§ûüèæü§ûüèæ,Tue Jan 01 22:29:26 +0000 2019,"Shreveport, LA"
2019...We‚Äôre coming in hot. #NewYearWhoDis #PhotoBombByTheTueyNutcrackers @ South Highlands https://t.co/kKzXbiEdIj,Tue Jan 01 22:28:53 +0000 2019,"Shreveport, LA"
Seeing Vice tonight looking like the move,Tue Jan 01 22:28:43 +0000 2019,"Shreveport, LA"
Corbin Bleu a funny ass nigga bro. I just watched a video of him tap dancing his ass off and throwing firecrackers.,Tue Jan 01 22:27:29 +0000 2019,"Shreveport, LA"
If you don‚Äôt fwm UNFOLLOW ME !! Anybody got sum negative to say expect to get blocked #IGotTIME,Tue Jan 01 22:25:21 +0000 2019,"Shreveport, LA"
"FYI: Don‚Äôt sarcastically tell your Uber driver you won‚Äôt report them for taking an extra person in Shreveport, LA.‚Ä¶ https://t.co/kQdwVmAXwl",Tue Jan 01 22:24:08 +0000 2019,"Shreveport, LA"
i would get up to see what dillard‚Äôs got going butttt no,Tue Jan 01 22:22:41 +0000 2019,"Shreveport, LA"
@CaliSlim12 @d_edwards24 https://t.co/RMd2Qm7z3O,Tue Jan 01 22:22:07 +0000 2019,"Shreveport, LA"
"Remember w hat I said about DR Dre

Dr J...same thing Indoctrination 
* In Doctor a Nation",Tue Jan 01 22:21:33 +0000 2019,"Shreveport, LA"
"Try, Nessie's. The pies are, it...",Tue Jan 01 22:20:57 +0000 2019,"Shreveport, LA"
"666
Sussex",Tue Jan 01 22:20:37 +0000 2019,"Shreveport, LA"
Today my last day in the city so who coming to see me ?,Tue Jan 01 22:20:26 +0000 2019,"Shreveport, LA"
